DATETIME,PRICE,CARRY,CARRY_CONTRACT,PRICE_CONTRACT
2013-03-18,2634.0,,201403,201312
2013-03-19,2590.0,,201403,201312
2013-03-20,2627.0,,201403,201312
2013-03-21,2598.0,,201403,201312
2013-03-22,2600.0,,201403,201312
2013-03-25,2567.0,,201403,201312
2013-03-26,2557.0,,201403,201312
2013-03-27,2528.0,,201403,201312
2013-03-28,2535.0,,201403,201312
2013-04-02,2594.0,,201403,201312
2013-04-03,2558.0,,201403,201312
2013-04-04,2541.0,,201403,201312
2013-04-05,2504.0,,201403,201312
2013-04-08,2503.0,,201403,201312
2013-04-09,2507.0,,201403,201312
2013-04-10,2578.0,,201403,201312
2013-04-11,2597.0,,201403,201312
2013-04-12,2553.0,,201403,201312
2013-04-15,2544.0,,201403,201312
2013-04-16,2536.0,,201403,201312
2013-04-17,2477.0,,201403,201312
2013-04-18,2479.0,,201403,201312
2013-04-19,2495.0,,201403,201312
2013-04-22,2505.0,,201403,201312
2013-04-23,2588.0,,201403,201312
2013-04-24,2627.0,,201403,201312
2013-04-25,2630.0,,201403,201312
2013-04-26,2614.0,,201403,201312
2013-04-29,2654.0,,201403,201312
2013-04-30,2651.0,,201403,201312
2013-05-02,2665.0,,201403,201312
2013-05-03,2706.0,,201403,201312
2013-05-06,2698.0,,201403,201312
2013-05-07,2715.0,,201403,201312
2013-05-08,2738.0,,201403,201312
2013-05-09,2736.0,,201403,201312
2013-05-10,2744.0,,201403,201312
2013-05-13,2738.0,,201403,201312
2013-05-14,2759.0,,201403,201312
2013-05-15,2773.0,,201403,201312
2013-05-16,2773.0,,201403,201312
2013-05-17,2788.0,,201403,201312
2013-05-20,2796.0,,201403,201312
2013-05-21,2793.0,,201403,201312
2013-05-22,2809.0,,201403,201312
2013-05-23,2754.0,,201403,201312
2013-05-24,2744.0,,201403,201312
2013-05-27,2772.0,,201403,201312
2013-05-28,2821.0,,201403,201312
2013-05-29,2767.0,,201403,201312
2013-05-30,2778.0,,201403,201312
2013-05-31,2756.0,,201403,201312
2013-06-03,2730.0,,201403,201312
2013-06-04,2735.0,,201403,201312
2013-06-05,2693.0,,201403,201312
2013-06-06,2662.0,,201403,201312
2013-06-07,2707.0,,201403,201312
2013-06-10,2701.0,,201403,201312
2013-06-11,2668.0,,201403,201312
2013-06-12,2651.0,,201403,201312
2013-06-13,2645.0,,201403,201312
2013-06-14,2649.0,,201403,201312
2013-06-17,2685.0,,201403,201312
2013-06-18,2682.0,,201403,201312
2013-06-19,2666.0,,201403,201312
2013-06-20,2573.0,,201403,201312
2013-06-21,2539.0,,201403,201312
2013-06-24,2498.0,2494.0,201403,201312
2013-06-25,2527.0,2523.0,201403,201312
2013-06-26,2584.0,2581.0,201403,201312
2013-06-27,2607.0,2603.0,201403,201312
2013-06-28,2584.0,2581.0,201403,201312
2013-07-01,2603.0,2599.0,201403,201312
2013-07-02,2584.0,2581.0,201403,201312
2013-07-03,2557.0,2553.0,201403,201312
2013-07-04,2629.0,2625.0,201403,201312
2013-07-05,2585.0,2579.0,201403,201312
2013-07-08,2633.0,2628.0,201403,201312
2013-07-09,2649.0,2643.0,201403,201312
2013-07-10,2641.0,2635.0,201403,201312
2013-07-11,2666.0,2662.0,201403,201312
2013-07-12,2657.0,2652.0,201403,201312
2013-07-15,2672.0,2668.0,201403,201312
2013-07-16,2655.0,2651.0,201403,201312
2013-07-17,2667.0,2663.0,201403,201312
2013-07-18,2700.0,2697.0,201403,201312
2013-07-19,2704.0,2701.0,201403,201312
2013-07-22,2713.0,2709.0,201403,201312
2013-07-23,2711.0,2708.0,201403,201312
2013-07-24,2738.0,2734.0,201403,201312
2013-07-25,2727.0,2723.0,201403,201312
2013-07-26,2731.0,2727.0,201403,201312
2013-07-29,2725.0,2722.0,201403,201312
2013-07-30,2748.0,2744.0,201403,201312
2013-07-31,2743.0,2739.0,201403,201312
2013-08-01,2789.0,2786.0,201403,201312
2013-08-02,2797.0,2794.0,201403,201312
2013-08-05,2797.0,2794.0,201403,201312
2013-08-06,2777.0,2774.0,201403,201312
2013-08-07,2777.0,2773.0,201403,201312
2013-08-08,2798.0,2795.0,201403,201312
2013-08-09,2809.0,2805.0,201403,201312
2013-08-12,2814.0,2810.0,201403,201312
2013-08-13,2827.0,2822.0,201403,201312
2013-08-14,2838.0,2833.0,201403,201312
2013-08-15,2819.0,2814.0,201403,201312
2013-08-16,2839.0,2835.0,201403,201312
2013-08-19,2810.0,2805.0,201403,201312
2013-08-20,2775.0,2770.0,201403,201312
2013-08-21,2759.0,2754.0,201403,201312
2013-08-22,2793.0,2788.0,201403,201312
2013-08-23,2812.0,2807.0,201403,201312
2013-08-26,2805.0,2801.0,201403,201312
2013-08-27,2745.0,2741.0,201403,201312
2013-08-28,2728.0,2724.0,201403,201312
2013-08-29,2744.0,2739.0,201403,201312
2013-08-30,2713.0,2708.0,201403,201312
2013-09-02,2755.0,2750.0,201403,201312
2013-09-03,2741.0,2736.0,201403,201312
2013-09-04,2746.0,2741.0,201403,201312
2013-09-05,2755.0,2749.0,201403,201312
2013-09-06,2786.0,2781.0,201403,201312
2013-09-09,2786.0,2780.0,201403,201312
2013-09-10,2839.0,2833.0,201403,201312
2013-09-11,2845.0,2839.0,201403,201312
2013-09-12,2848.0,2842.0,201403,201312
2013-09-13,2856.0,2851.0,201403,201312
2013-09-16,2881.0,2875.0,201403,201312
2013-09-17,2879.0,2874.0,201403,201312
2013-09-18,2891.0,2886.0,201403,201312
2013-09-19,2916.0,2911.0,201403,201312
2013-09-20,2918.0,2913.0,201403,201312
2013-09-23,2894.0,2888.0,201403,201312
2013-09-24,2912.0,2906.0,201403,201312
2013-09-25,2915.0,2910.0,201403,201312
2013-09-26,2910.0,2904.0,201403,201312
2013-09-27,2907.0,2901.0,201403,201312
2013-09-30,2879.0,2873.0,201403,201312
2013-10-01,2917.0,2911.0,201403,201312
2013-10-02,2908.0,2902.0,201403,201312
2013-10-03,2892.0,2887.0,201403,201312
2013-10-04,2916.0,2911.0,201403,201312
2013-10-07,2909.0,2903.0,201403,201312
2013-10-08,2897.0,2892.0,201403,201312
2013-10-09,2891.0,2886.0,201403,201312
2013-10-10,2956.0,2950.0,201403,201312
2013-10-11,2962.0,2956.0,201403,201312
2013-10-14,2964.0,2958.0,201403,201312
2013-10-15,2994.0,2989.0,201403,201312
2013-10-16,3006.0,3000.0,201403,201312
2013-10-17,3003.0,2997.0,201403,201312
2013-10-18,3020.0,3014.0,201403,201312
2013-10-21,3021.0,3015.0,201403,201312
2013-10-22,3035.0,3029.0,201403,201312
2013-10-23,3006.0,3001.0,201403,201312
2013-10-24,3029.0,3023.0,201403,201312
2013-10-25,3026.0,3021.0,201403,201312
2013-10-28,3015.0,3010.0,201403,201312
2013-10-29,3042.0,3037.0,201403,201312
2013-10-30,3033.0,3029.0,201403,201312
2013-10-31,3059.0,3054.0,201403,201312
2013-11-01,3043.0,3038.0,201403,201312
2013-11-04,3052.0,3048.0,201403,201312
2013-11-05,3027.0,3022.0,201403,201312
2013-11-06,3049.0,3045.0,201403,201312
2013-11-07,3039.0,3034.0,201403,201312
2013-11-08,3028.0,3023.0,201403,201312
2013-11-11,3049.0,3044.0,201403,201312
2013-11-12,3031.0,3026.0,201403,201312
2013-11-13,3015.0,3010.0,201403,201312
2013-11-14,3050.0,3045.0,201403,201312
2013-11-15,3053.0,3049.0,201403,201312
2013-11-18,3080.0,3076.0,201403,201312
2013-11-19,3048.0,3043.0,201403,201312
2013-11-20,3045.0,3040.0,201403,201312
2013-11-21,3044.0,3039.0,201403,201312
2013-11-22,3053.0,3048.0,201403,201312
2013-11-25,3070.0,3065.0,201403,201312
2013-11-26,3063.0,3058.0,201403,201312
2013-11-27,3081.0,3076.0,201403,201312
2013-11-28,3091.0,3087.0,201403,201312
2013-11-29,3085.0,3081.0,201403,201312
2013-12-02,3078.0,3074.0,201403,201312
2013-12-03,3018.0,3014.0,201403,201312
2013-12-04,2992.0,2987.0,201403,201312
2013-12-05,2955.0,2952.0,201403,201312
2013-12-06,2981.0,2977.0,201403,201312
2013-12-09,2991.0,2987.0,201403,201312
2013-12-10,2964.0,2960.0,201403,201312
2013-12-11,2946.0,2942.0,201403,201312
2013-12-12,2926.0,2922.0,201403,201312
2013-12-13,2922.0,2919.0,201403,201312
2013-12-16,2975.0,2972.0,201403,201312
2013-12-17,2946.0,2944.0,201403,201312
2013-12-18,2970.0,2903.0,201406,201403
2013-12-19,3022.0,2955.0,201406,201403
2013-12-20,3047.0,2981.0,201406,201403
2013-12-23,3065.0,2998.0,201406,201403
2013-12-24,3065.0,,201406,201403
2013-12-27,3107.0,3041.0,201406,201403
2013-12-30,3108.0,3041.0,201406,201403
2014-01-02,3058.0,2992.0,201406,201403
2014-01-03,3069.0,3004.0,201406,201403
2014-01-06,3063.0,2996.0,201406,201403
2014-01-07,3105.0,3039.0,201406,201403
2014-01-08,3099.0,3032.0,201406,201403
2014-01-09,3083.0,3017.0,201406,201403
2014-01-10,3098.0,3032.0,201406,201403
2014-01-13,3105.0,3038.0,201406,201403
2014-01-14,3112.0,3045.0,201406,201403
2014-01-15,3163.0,3096.0,201406,201403
2014-01-16,3148.0,3081.0,201406,201403
2014-01-17,3151.0,3085.0,201406,201403
2014-01-20,3149.0,3083.0,201406,201403
2014-01-21,3150.0,3083.0,201406,201403
2014-01-22,3149.0,3082.0,201406,201403
2014-01-23,3117.0,3050.0,201406,201403
2014-01-24,3021.0,2954.0,201406,201403
2014-01-27,3015.0,2947.0,201406,201403
2014-01-28,3033.0,2966.0,201406,201403
2014-01-29,3014.0,2947.0,201406,201403
2014-01-30,3021.0,2953.0,201406,201403
2014-01-31,3018.0,2950.0,201406,201403
2014-02-03,2964.0,2896.0,201406,201403
2014-02-04,2965.0,2897.0,201406,201403
2014-02-05,2965.0,2897.0,201406,201403
2014-02-06,3009.0,2942.0,201406,201403
2014-02-07,3009.0,2971.0,201406,201403
2014-02-10,3032.0,2965.0,201406,201403
2014-02-11,3074.0,3006.0,201406,201403
2014-02-12,3093.0,3025.0,201406,201403
2014-02-13,3099.0,3031.0,201406,201403
2014-02-14,3009.0,3049.0,201406,201403
2014-02-17,3120.0,3052.0,201406,201403
2014-02-18,3121.0,3053.0,201406,201403
2014-02-19,3120.0,3052.0,201406,201403
2014-02-20,3117.0,3049.0,201406,201403
2014-02-21,3009.0,3065.0,201406,201403
2014-02-24,3152.0,3084.0,201406,201403
2014-02-25,3159.0,3091.0,201406,201403
2014-02-26,3154.0,3086.0,201406,201403
2014-02-27,3140.0,3072.0,201406,201403
2014-02-28,3009.0,3072.0,201406,201403
2014-03-03,3058.0,2990.0,201406,201403
2014-03-04,3136.0,3068.0,201406,201403
2014-03-05,3134.0,3067.0,201406,201403
2014-03-06,3143.0,3075.0,201406,201403
2014-03-07,3097.0,3027.75,201406,201403
2014-03-10,3091.0,3035.0,201406,201403
2014-03-11,3090.0,3017.0,201406,201403
2014-03-12,3068.0,3003.0,201406,201403
2014-03-13,3023.0,2931.0,201406,201403
2014-03-14,3003.0,,201406,201403
2014-03-17,2983.0,2982.0,201409,201406
2014-03-18,3006.0,,201409,201406
2014-03-19,3011.0,2981.0,201409,201406
2014-03-20,3020.0,3010.0,201409,201406
2014-03-21,3033.0,2995.0,201409,201406
2014-03-24,2983.0,,201409,201406
2014-03-25,3026.0,3035.0,201409,201406
2014-03-26,3060.0,3047.0,201409,201406
2014-03-27,3066.0,3058.0,201409,201406
2014-03-28,3104.0,3090.0,201409,201406
2014-03-31,3100.0,3091.0,201409,201406
2014-04-01,3117.0,3118.0,201409,201406
2014-04-02,3124.0,,201409,201406
2014-04-03,3141.0,3133.0,201409,201406
2014-04-04,3162.0,,201409,201406
2014-04-07,3122.0,3110.0,201409,201406
2014-04-08,3109.0,,201409,201406
2014-04-09,3116.0,,201409,201406
2014-04-10,3088.0,3050.0,201409,201406
2014-04-11,3051.0,3031.0,201409,201406
2014-04-14,3070.0,3059.0,201409,201406
2014-04-15,3033.0,3041.0,201409,201406
2014-04-16,3078.0,3080.0,201409,201406
2014-04-17,3097.0,3112.0,201409,201406
2014-04-22,3142.0,3136.0,201409,201406
2014-04-23,3121.0,3117.0,201409,201406
2014-04-24,3127.0,,201409,201406
2014-04-25,3092.0,3087.0,201409,201406
2014-04-28,3105.0,,201409,201406
2014-04-29,3151.0,,201409,201406
2014-04-30,3145.0,3149.0,201409,201406
2014-05-02,3127.0,3126.0,201409,201406
2014-05-05,3133.0,3132.0,201409,201406
2014-05-06,3111.0,3103.0,201409,201406
2014-05-07,3124.0,3124.0,201409,201406
2014-05-08,3171.0,3151.0,201409,201406
2014-05-09,3154.0,3151.0,201409,201406
2014-05-12,3180.0,3178.0,201409,201406
2014-05-13,3187.0,3185.0,201409,201406
2014-05-14,3189.0,3179.0,201409,201406
2014-05-15,3140.0,3144.0,201409,201406
2014-05-16,3151.0,3153.0,201409,201406
2014-05-19,3158.0,3149.0,201409,201406
2014-05-20,3153.0,3135.0,201409,201406
2014-05-21,3174.0,3174.0,201409,201406
2014-05-22,3180.0,3171.0,201409,201406
2014-05-23,3193.0,3192.0,201409,201406
2014-05-26,3231.0,3223.0,201409,201406
2014-05-27,3237.0,,201409,201406
2014-05-28,3237.0,3232.0,201409,201406
2014-05-29,3239.0,3238.0,201409,201406
2014-05-30,3240.0,,201409,201406
2014-06-02,3249.0,3245.0,201409,201406
2014-06-03,3240.0,3235.0,201409,201406
2014-06-04,3238.0,,201409,201406
2014-06-05,3266.0,3269.0,201409,201406
2014-06-06,3291.0,3299.0,201409,201406
2014-06-09,3305.0,3308.0,201409,201406
2014-06-10,3310.0,3310.0,201409,201406
2014-06-11,3289.0,3283.0,201409,201406
2014-06-12,3285.0,,201409,201406
2014-06-13,3284.0,3280.0,201409,201406
2014-06-16,3265.0,3261.0,201409,201406
2014-06-17,3273.0,3269.0,201409,201406
2014-06-18,3279.0,3300.0,201409,201406
2014-06-19,3311.0,3296.0,201412,201409
2014-06-20,3300.0,3282.0,201412,201409
2014-06-23,3280.0,3263.0,201412,201409
2014-06-24,3283.0,,201412,201409
2014-06-25,3254.0,3236.0,201412,201409
2014-06-26,3229.0,3229.0,201412,201409
2014-06-27,3225.0,3221.0,201412,201409
2014-06-30,3232.0,3209.0,201412,201409
2014-07-01,3253.0,3241.0,201412,201409
2014-07-02,3251.0,3237.0,201412,201409
2014-07-03,3288.0,,201412,201409
2014-07-04,3269.0,3258.0,201412,201409
2014-07-07,3231.0,3218.0,201412,201409
2014-07-08,3185.0,3176.0,201412,201409
2014-07-09,3204.0,3194.0,201412,201409
2014-07-10,3150.0,3148.0,201412,201409
2014-07-11,3151.0,3149.0,201412,201409
2014-07-14,3186.0,3166.0,201412,201409
2014-07-15,3159.0,3153.0,201412,201409
2014-07-16,3201.0,3187.0,201412,201409
2014-07-17,3155.0,3121.0,201412,201409
2014-07-18,3162.0,3162.0,201412,201409
2014-07-21,3141.0,3133.0,201412,201409
2014-07-22,3191.0,3173.0,201412,201409
2014-07-23,3193.0,3181.0,201412,201409
2014-07-24,3220.0,3203.0,201412,201409
2014-07-25,3173.0,,201412,201409
2014-07-28,3171.0,3166.0,201412,201409
2014-07-29,3189.0,,201412,201409
2014-07-30,3172.0,,201412,201409
2014-07-31,3119.0,,201412,201409
2014-08-01,3074.0,,201412,201409
2014-08-04,3074.0,,201412,201409
2014-08-05,3073.0,,201412,201409
2014-08-06,3049.0,3032.0,201412,201409
2014-08-07,3013.0,,201412,201409
2014-08-08,3006.0,,201412,201409
2014-08-11,3050.0,3024.0,201412,201409
2014-08-12,3025.0,3013.0,201412,201409
2014-08-13,3059.0,3039.0,201412,201409
2014-08-14,3060.0,3050.0,201412,201409
2014-08-15,3025.0,3033.0,201412,201409
2014-08-18,3076.0,3065.0,201412,201409
2014-08-19,3093.0,3081.0,201412,201409
2014-08-20,3082.0,3074.0,201412,201409
2014-08-21,3123.0,3106.0,201412,201409
2014-08-22,3100.0,3086.0,201412,201409
2014-08-25,3163.0,3144.0,201412,201409
2014-08-26,3198.0,3175.0,201412,201409
2014-08-27,3194.0,3174.0,201412,201409
2014-08-28,3162.0,3152.0,201412,201409
2014-08-29,3165.0,3159.0,201412,201409
2014-09-01,3173.0,,201412,201409
2014-09-02,3178.0,3165.0,201412,201409
2014-09-03,3217.0,3196.0,201412,201409
2014-09-04,3277.0,3255.0,201412,201409
2014-09-05,3277.0,3273.0,201412,201409
2014-09-08,3267.0,3243.0,201412,201409
2014-09-09,3245.0,3224.0,201412,201409
2014-09-10,3245.0,3239.0,201412,201409
2014-09-11,3234.0,3227.0,201412,201409
2014-09-12,3234.0,3216.0,201412,201409
2014-09-15,3232.0,3221.0,201412,201409
2014-09-16,3222.0,3224.0,201412,201409
2014-09-17,3223.0,3216.0,201503,201412
2014-09-18,3251.0,3245.0,201503,201412
2014-09-19,3264.0,3258.0,201503,201412
2014-09-22,3244.0,3238.0,201503,201412
2014-09-23,3194.0,3188.0,201503,201412
2014-09-24,3234.0,3227.0,201503,201412
2014-09-25,3190.0,3183.0,201503,201412
2014-09-26,3208.0,3202.0,201503,201412
2014-09-29,3178.0,3172.0,201503,201412
2014-09-30,3223.0,3216.0,201503,201412
2014-10-01,3187.0,3181.0,201503,201412
2014-10-02,3102.0,3096.0,201503,201412
2014-10-03,3131.0,3124.0,201503,201412
2014-10-06,3123.0,3116.0,201503,201412
2014-10-07,3071.0,3065.0,201503,201412
2014-10-08,3047.0,3041.0,201503,201412
2014-10-09,3036.0,3030.0,201503,201412
2014-10-10,2984.0,2978.0,201503,201412
2014-10-13,2987.0,2981.0,201503,201412
2014-10-14,2995.0,2989.0,201503,201412
2014-10-15,2882.0,2876.0,201503,201412
2014-10-16,2872.0,2866.0,201503,201412
2014-10-17,2950.0,2944.0,201503,201412
2014-10-20,2922.0,2916.0,201503,201412
2014-10-21,2983.0,2977.0,201503,201412
2014-10-22,2995.0,2991.0,201503,201412
2014-10-23,3034.0,3030.0,201503,201412
2014-10-24,3024.0,3020.0,201503,201412
2014-10-27,2990.0,2986.0,201503,201412
2014-10-28,3030.0,3026.0,201503,201412
2014-10-29,3012.0,3008.0,201503,201412
2014-10-30,3024.0,3020.0,201503,201412
2014-10-31,3101.0,3097.0,201503,201412
2014-11-03,3074.0,3070.0,201503,201412
2014-11-04,3027.0,3023.0,201503,201412
2014-11-05,3081.0,3077.0,201503,201412
2014-11-06,3094.0,3089.0,201503,201412
2014-11-07,3056.0,3051.0,201503,201412
2014-11-10,3084.0,3079.0,201503,201412
2014-11-11,3096.0,3091.0,201503,201412
2014-11-12,3040.0,3035.0,201503,201412
2014-11-13,3052.0,3047.0,201503,201412
2014-11-14,3051.0,3046.0,201503,201412
2014-11-17,3077.0,3072.0,201503,201412
2014-11-18,3112.0,3107.0,201503,201412
2014-11-19,3116.0,3112.0,201503,201412
2014-11-20,3098.0,3093.0,201503,201412
2014-11-21,3190.0,3186.0,201503,201412
2014-11-24,3210.0,3206.0,201503,201412
2014-11-25,3217.0,3213.0,201503,201412
2014-11-26,3223.0,3219.0,201503,201412
2014-11-27,3241.0,3237.0,201503,201412
2014-11-28,3244.0,3240.0,201503,201412
2014-12-01,3228.0,3224.0,201503,201412
2014-12-02,3236.0,3232.0,201503,201412
2014-12-03,3248.0,3244.0,201503,201412
2014-12-04,3188.0,3184.0,201503,201412
2014-12-05,3276.0,3272.0,201503,201412
2014-12-08,3250.0,3246.0,201503,201412
2014-12-09,3169.0,3164.0,201503,201412
2014-12-10,3152.0,3147.0,201503,201412
2014-12-11,3159.0,3154.0,201503,201412
2014-12-12,3062.0,3057.0,201503,201412
2014-12-15,2982.0,2977.0,201503,201412
2014-12-16,3050.0,3045.0,201503,201412
2014-12-17,3060.0,3056.0,201503,201412
2014-12-18,3150.0,3146.0,201503,201412
2014-12-19,3135.0,3142.0,201506,201503
2014-12-22,3154.0,3094.0,201506,201503
2014-12-23,3189.0,3125.0,201506,201503
2014-12-24,3189.0,,201506,201503
2014-12-29,3184.0,3110.0,201506,201503
2014-12-30,3133.0,3058.0,201506,201503
2014-12-31,3133.0,,201506,201503
2015-01-02,3136.0,3070.0,201506,201503
2015-01-05,3015.0,2950.0,201506,201503
2015-01-06,3003.0,2929.0,201506,201503
2015-01-07,3014.0,2978.0,201506,201503
2015-01-08,3131.0,3046.0,201506,201503
2015-01-09,3030.0,2976.0,201506,201503
2015-01-12,3077.0,3008.0,201506,201503
2015-01-13,3125.0,3025.0,201506,201503
2015-01-14,3089.0,3034.0,201506,201503
2015-01-15,3146.0,3070.0,201506,201503
2015-01-16,3202.0,3158.0,201506,201503
2015-01-19,3216.0,3144.0,201506,201503
2015-01-20,3238.0,3180.0,201506,201503
2015-01-21,3263.0,3197.0,201506,201503
2015-01-22,3321.0,3275.0,201506,201503
2015-01-23,3384.0,3303.0,201506,201503
2015-01-26,3412.0,3345.0,201506,201503
2015-01-27,3371.0,3300.0,201506,201503
2015-01-28,3351.0,3243.0,201506,201503
2015-01-29,3372.0,3329.0,201506,201503
2015-01-30,3349.0,3263.0,201506,201503
2015-02-02,3366.0,3312.0,201506,201503
2015-02-03,3417.0,3355.0,201506,201503
2015-02-04,3411.0,3300.0,201506,201503
2015-02-05,3410.0,3336.0,201506,201503
2015-02-06,3398.0,3293.0,201506,201503
2015-02-09,3353.0,3266.0,201506,201503
2015-02-10,3382.0,3320.0,201506,201503
2015-02-11,3374.0,3309.0,201506,201503
2015-02-12,3415.0,3365.0,201506,201503
2015-02-13,3451.0,3381.0,201506,201503
2015-02-16,3437.0,3328.0,201506,201503
2015-02-17,3436.0,3380.0,201506,201503
2015-02-18,3463.0,3395.0,201506,201503
2015-02-19,3487.0,3404.0,201506,201503
2015-02-20,3491.0,3454.0,201506,201503
2015-02-23,3516.0,3436.0,201506,201503
2015-02-24,3549.0,3479.0,201506,201503
2015-02-25,3543.0,3461.0,201506,201503
2015-02-26,3572.0,3494.0,201506,201503
2015-02-27,3590.0,,201506,201503
2015-03-02,3590.0,3525.0,201506,201503
2015-03-03,3555.0,3490.0,201506,201503
2015-03-04,3577.0,3514.0,201506,201503
2015-03-05,3616.0,3542.0,201506,201503
2015-03-06,3619.0,3524.0,201506,201503
2015-03-09,3610.0,3534.0,201506,201503
2015-03-10,3573.0,3494.0,201506,201503
2015-03-11,3650.0,3578.0,201506,201503
2015-03-12,3641.0,3575.0,201506,201503
2015-03-13,3654.0,3595.0,201506,201503
2015-03-16,3632.0,3626.0,201509,201506
2015-03-17,3597.0,3591.0,201509,201506
2015-03-18,3590.0,3593.0,201509,201506
2015-03-19,3597.0,3583.0,201509,201506
2015-03-20,3658.0,3644.0,201509,201506
2015-03-23,3621.0,3609.0,201509,201506
2015-03-24,3664.0,3642.0,201509,201506
2015-03-25,3620.0,3601.0,201509,201506
2015-03-26,3597.0,3595.0,201509,201506
2015-03-27,3605.0,3607.0,201509,201506
2015-03-30,3660.0,3656.0,201509,201506
2015-03-31,3631.0,3615.0,201509,201506
2015-04-01,3645.0,3641.0,201509,201506
2015-04-02,3643.0,3644.0,201509,201506
2015-04-07,3697.0,3688.0,201509,201506
2015-04-08,3675.0,3682.0,201509,201506
2015-04-09,3710.0,3718.0,201509,201506
2015-04-10,3746.0,3746.0,201509,201506
2015-04-13,3763.0,3731.0,201509,201506
2015-04-14,3719.0,3723.0,201509,201506
2015-04-15,3736.0,3729.0,201509,201506
2015-04-16,3686.0,3677.0,201509,201506
2015-04-17,3604.0,3598.0,201509,201506
2015-04-20,3650.0,3635.0,201509,201506
2015-04-21,3659.0,3657.0,201509,201506
2015-04-22,3662.0,3668.0,201509,201506
2015-04-23,3633.0,3645.0,201509,201506
2015-04-24,3650.0,3648.0,201509,201506
2015-04-27,3713.0,3692.0,201509,201506
2015-04-28,3653.0,3651.0,201509,201506
2015-04-29,3564.0,3558.0,201509,201506
2015-04-30,3568.0,3530.0,201509,201506
2015-05-04,3587.0,3575.0,201509,201506
2015-05-05,3499.0,3495.0,201509,201506
2015-05-06,3512.0,3492.0,201509,201506
2015-05-07,3517.0,3501.0,201509,201506
2015-05-08,3603.0,3607.0,201509,201506
2015-05-11,3591.0,3582.0,201509,201506
2015-05-12,3545.0,3544.0,201509,201506
2015-05-13,3521.0,3513.0,201509,201506
2015-05-14,3581.0,3571.0,201509,201506
2015-05-15,3544.0,3553.0,201509,201506
2015-05-18,3568.0,3574.0,201509,201506
2015-05-19,3656.0,3639.0,201509,201506
2015-05-20,3669.0,3663.0,201509,201506
2015-05-21,3674.0,3672.0,201509,201506
2015-05-22,3670.0,3667.0,201509,201506
2015-05-25,3670.0,,201509,201506
2015-05-26,3608.0,3615.0,201509,201506
2015-05-27,3675.0,3670.0,201509,201506
2015-05-28,3642.0,3645.0,201509,201506
2015-05-29,3562.0,3570.0,201509,201506
2015-06-01,3570.0,3581.0,201509,201506
2015-06-02,3558.0,3550.0,201509,201506
2015-06-03,3577.0,3561.0,201509,201506
2015-06-04,3557.0,3518.0,201509,201506
2015-06-05,3509.0,3506.0,201509,201506
2015-06-08,3471.0,3444.0,201509,201506
2015-06-09,3451.0,3433.0,201509,201506
2015-06-10,3527.0,3516.0,201509,201506
2015-06-11,3549.0,3548.0,201509,201506
2015-06-12,3502.0,3501.0,201509,201506
2015-06-15,3441.0,3445.0,201509,201506
2015-06-16,3449.0,3451.0,201512,201509
2015-06-17,3423.0,3400.0,201512,201509
2015-06-18,3447.0,3448.0,201512,201509
2015-06-19,3452.0,3445.0,201512,201509
2015-06-22,3600.0,3580.0,201512,201509
2015-06-23,3625.0,3620.0,201512,201509
2015-06-24,3610.0,3576.0,201512,201509
2015-06-25,3608.0,3582.0,201512,201509
2015-06-26,3623.0,3607.0,201512,201509
2015-06-29,3466.0,3422.0,201512,201509
2015-06-30,3436.0,3422.0,201512,201509
2015-07-01,3490.0,3471.0,201512,201509
2015-07-02,3458.0,3455.0,201512,201509
2015-07-03,3434.0,3420.0,201512,201509
2015-07-06,3358.0,3340.0,201512,201509
2015-07-07,3287.0,3356.0,201512,201509
2015-07-08,3321.0,3297.0,201512,201509
2015-07-09,3419.0,3393.0,201512,201509
2015-07-10,3535.0,3542.0,201512,201509
2015-07-13,3589.0,3581.0,201512,201509
2015-07-14,3603.0,3605.0,201512,201509
2015-07-15,3626.0,3605.0,201512,201509
2015-07-16,3677.0,3670.0,201512,201509
2015-07-17,3672.0,3658.0,201512,201509
2015-07-20,3689.0,3678.0,201512,201509
2015-07-21,3646.0,3636.0,201512,201509
2015-07-22,3633.0,3625.0,201512,201509
2015-07-23,3631.0,3600.0,201512,201509
2015-07-24,3599.0,3568.0,201512,201509
2015-07-27,3517.0,3497.0,201512,201509
2015-07-28,3549.0,3552.0,201512,201509
2015-07-29,3572.0,3576.0,201512,201509
2015-07-30,3578.0,3576.0,201512,201509
2015-07-31,3598.0,3586.0,201512,201509
2015-08-03,3634.0,3609.0,201512,201509
2015-08-04,3618.0,3613.0,201512,201509
2015-08-05,3680.0,3655.0,201512,201509
2015-08-06,3669.0,3650.0,201512,201509
2015-08-07,3640.0,3635.0,201512,201509
2015-08-10,3675.0,3665.0,201512,201509
2015-08-11,3604.0,3605.0,201512,201509
2015-08-12,3492.0,3522.0,201512,201509
2015-08-13,3513.0,3501.0,201512,201509
2015-08-14,3495.0,3499.0,201512,201509
2015-08-17,3503.0,3496.0,201512,201509
2015-08-18,3497.0,3478.0,201512,201509
2015-08-19,3433.0,3426.0,201512,201509
2015-08-20,3356.0,3311.0,201512,201509
2015-08-21,3256.0,3210.0,201512,201509
2015-08-24,3067.0,3053.0,201512,201509
2015-08-25,3228.0,3105.0,201512,201509
2015-08-26,3182.0,3222.0,201512,201509
2015-08-27,3286.0,3280.0,201512,201509
2015-08-28,3279.0,,201512,201509
2015-08-31,3269.0,,201512,201509
2015-09-01,3182.0,,201512,201509
2015-09-02,3205.0,3209.0,201512,201509
2015-09-03,3272.0,3238.0,201512,201509
2015-09-04,3185.0,3158.0,201512,201509
2015-09-07,3201.0,3177.0,201512,201509
2015-09-08,3236.0,3242.0,201512,201509
2015-09-09,3272.0,3211.0,201512,201509
2015-09-10,3224.0,3223.0,201512,201509
2015-09-11,3194.0,3194.0,201512,201509
2015-09-14,3188.0,3164.0,201512,201509
2015-09-15,3201.0,3215.0,201603,201512
2015-09-16,3243.0,3243.0,201603,201512
2015-09-17,3248.0,3245.0,201603,201512
2015-09-18,3142.0,3148.0,201603,201512
2015-09-21,3178.0,,201603,201512
2015-09-22,3063.0,3076.0,201603,201512
2015-09-23,3071.0,3061.0,201603,201512
2015-09-24,3003.0,3037.0,201603,201512
2015-09-25,3107.0,3070.0,201603,201512
2015-09-28,3033.0,3010.0,201603,201512
2015-09-29,3026.0,3017.0,201603,201512
2015-09-30,3091.0,3086.0,201603,201512
2015-10-01,3061.0,3069.0,201603,201512
2015-10-02,3076.0,3119.0,201603,201512
2015-10-05,3176.0,3198.0,201603,201512
2015-10-06,3217.0,3197.0,201603,201512
2015-10-07,3210.0,3231.0,201603,201512
2015-10-08,3220.0,3243.0,201603,201512
2015-10-09,3242.0,3235.0,201603,201512
2015-10-12,3243.0,3232.0,201603,201512
2015-10-13,3211.0,3190.0,201603,201512
2015-10-14,3191.0,3178.0,201603,201512
2015-10-15,3233.0,3246.0,201603,201512
2015-10-16,3257.0,3258.0,201603,201512
2015-10-19,3266.0,3258.0,201603,201512
2015-10-20,3255.0,3248.0,201603,201512
2015-10-21,3266.0,3242.0,201603,201512
2015-10-22,3353.0,3357.0,201603,201512
2015-10-23,3418.0,3425.0,201603,201512
2015-10-26,3413.0,3401.0,201603,201512
2015-10-27,3383.0,3380.0,201603,201512
2015-10-28,3420.0,3435.0,201603,201512
2015-10-29,3403.0,,201603,201512
2015-10-30,3403.0,,201603,201512
2015-11-02,3433.0,3433.0,201603,201512
2015-11-03,3433.0,3432.0,201603,201512
2015-11-04,3433.0,3430.0,201603,201512
2015-11-05,3445.0,3439.0,201603,201512
2015-11-06,3462.0,3472.0,201603,201512
2015-11-09,3412.0,3417.0,201603,201512
2015-11-10,3420.0,3426.0,201603,201512
2015-11-11,3445.0,3422.0,201603,201512
2015-11-12,3386.0,3357.0,201603,201512
2015-11-13,3354.0,3337.0,201603,201512
2015-11-16,3353.0,3384.0,201603,201512
2015-11-17,3447.0,3406.0,201603,201512
2015-11-18,3433.0,3451.0,201603,201512
2015-11-19,3451.0,3430.0,201603,201512
2015-11-20,3455.0,3443.0,201603,201512
2015-11-23,3453.0,3424.0,201603,201512
2015-11-24,3406.0,3409.0,201603,201512
2015-11-25,3460.0,3445.0,201603,201512
2015-11-26,3496.0,3482.0,201603,201512
2015-11-27,3488.0,3482.0,201603,201512
2015-11-30,3505.0,3489.0,201603,201512
2015-12-01,3482.0,3480.0,201603,201512
2015-12-02,3469.0,3433.0,201603,201512
2015-12-03,3354.0,3294.0,201603,201512
2015-12-04,3331.0,3362.0,201603,201512
2015-12-07,3354.0,3361.0,201603,201512
2015-12-08,3303.0,3288.0,201603,201512
2015-12-09,3283.0,3241.0,201603,201512
2015-12-10,3275.0,3251.0,201603,201512
2015-12-11,3207.0,3176.0,201603,201512
2015-12-14,3141.0,3176.0,201603,201512
2015-12-15,3233.0,3233.0,201606,201603
2015-12-16,3235.0,3207.0,201606,201603
2015-12-17,3302.0,3222.0,201606,201603
2015-12-18,3253.0,3155.0,201606,201603
2015-12-21,3222.0,3149.0,201606,201603
2015-12-22,3204.0,3151.0,201606,201603
2015-12-23,3281.0,3221.0,201606,201603
2015-12-24,3281.0,,201606,201603
2015-12-28,3248.0,3190.0,201606,201603
2015-12-29,3299.0,3235.0,201606,201603
2015-12-30,3282.0,3194.0,201606,201603
2015-12-31,3282.0,,201606,201603
2016-01-04,3151.0,3098.0,201606,201603
2016-01-05,3161.0,3105.0,201606,201603
2016-01-06,3131.0,3041.0,201606,201603
2016-01-07,3075.0,2966.0,201606,201603
2016-01-08,3029.0,2924.0,201606,201603
2016-01-11,3031.0,2971.0,201606,201603
2016-01-12,3061.0,3006.0,201606,201603
2016-01-13,3063.0,2922.0,201606,201603
2016-01-14,3028.0,2975.0,201606,201603
2016-01-15,2936.0,2860.0,201606,201603
2016-01-18,2929.0,2853.0,201606,201603
2016-01-19,2973.0,2888.0,201606,201603
2016-01-20,2868.0,2821.0,201606,201603
2016-01-21,2934.0,2860.0,201606,201603
2016-01-22,3025.0,2952.0,201606,201603
2016-01-25,2997.0,2901.0,201606,201603
2016-01-26,3029.0,2962.0,201606,201603
2016-01-27,3034.0,2922.0,201606,201603
2016-01-28,2974.0,2911.0,201606,201603
2016-01-29,3028.0,2980.0,201606,201603
2016-02-01,3017.0,2952.0,201606,201603
2016-02-02,2948.0,2853.0,201606,201603
2016-02-03,2896.0,2841.0,201606,201603
2016-02-04,2908.0,2830.0,201606,201603
2016-02-05,2877.0,2788.0,201606,201603
2016-02-08,2784.0,2717.0,201606,201603
2016-02-09,2744.0,2664.0,201606,201603
2016-02-10,2789.0,2677.0,201606,201603
2016-02-11,2687.0,2630.0,201606,201603
2016-02-12,2747.0,2684.0,201606,201603
2016-02-15,2835.0,2756.0,201606,201603
2016-02-16,2814.0,2759.0,201606,201603
2016-02-17,2895.0,2828.0,201606,201603
2016-02-18,2891.0,2819.0,201606,201603
2016-02-19,2862.0,2788.0,201606,201603
2016-02-22,2931.0,2857.0,201606,201603
2016-02-23,2888.0,2804.0,201606,201603
2016-02-24,2812.0,2784.0,201606,201603
2016-02-25,2873.0,2815.0,201606,201603
2016-02-26,2930.0,2842.0,201606,201603
2016-02-29,2934.0,2838.0,201606,201603
2016-03-01,2994.0,2929.0,201606,201603
2016-03-02,3020.0,2942.0,201606,201603
2016-03-03,3006.0,2947.0,201606,201603
2016-03-04,3034.0,2950.0,201606,201603
2016-03-07,3018.0,2936.0,201606,201603
2016-03-08,3002.0,2922.0,201606,201603
2016-03-09,3018.0,2935.0,201606,201603
2016-03-10,2979.0,2899.0,201606,201603
2016-03-11,3072.0,3008.0,201606,201603
2016-03-14,3011.0,3012.0,201609,201606
2016-03-15,2989.0,2983.0,201609,201606
2016-03-16,2983.0,2975.0,201609,201606
2016-03-17,2956.0,2950.0,201609,201606
2016-03-18,2982.0,2967.0,201609,201606
2016-03-21,2969.0,2961.0,201609,201606
2016-03-22,2969.0,2962.0,201609,201606
2016-03-23,2967.0,2940.0,201609,201606
2016-03-24,2916.0,2909.0,201609,201606
2016-03-29,2927.0,2925.0,201609,201606
2016-03-30,2968.0,2955.0,201609,201606
2016-03-31,2931.0,2919.0,201609,201606
2016-04-01,2878.0,2874.0,201609,201606
2016-04-04,2881.0,2865.0,201609,201606
2016-04-05,2821.0,2795.0,201609,201606
2016-04-06,2834.0,2830.0,201609,201606
2016-04-07,2794.0,2771.0,201609,201606
2016-04-08,2838.0,2819.0,201609,201606
2016-04-11,2856.0,2831.0,201609,201606
2016-04-12,2871.0,2864.0,201609,201606
2016-04-13,2958.0,2957.0,201609,201606
2016-04-14,2988.0,2975.0,201609,201606
2016-04-15,2982.0,2965.0,201609,201606
2016-04-18,2999.0,2981.0,201609,201606
2016-04-19,3042.0,3035.0,201609,201606
2016-04-20,3079.0,3065.0,201609,201606
2016-04-21,3089.0,3059.0,201609,201606
2016-04-22,3069.0,3073.0,201609,201606
2016-04-25,3050.0,3044.0,201609,201606
2016-04-26,3058.0,3049.0,201609,201606
2016-04-27,3065.0,3069.0,201609,201606
2016-04-28,3061.0,3021.0,201609,201606
2016-04-29,2977.0,2974.0,201609,201606
2016-05-02,2979.0,2980.0,201609,201606
2016-05-03,2930.0,2918.0,201609,201606
2016-05-04,2885.0,2881.0,201609,201606
2016-05-05,2890.0,2885.0,201609,201606
2016-05-06,2900.0,2904.0,201609,201606
2016-05-09,2916.0,2907.0,201609,201606
2016-05-10,2941.0,2944.0,201609,201606
2016-05-11,2924.0,2902.0,201609,201606
2016-05-12,2902.0,2904.0,201609,201606
2016-05-13,2925.0,2889.0,201609,201606
2016-05-16,2921.0,2923.0,201609,201606
2016-05-17,2906.0,2882.0,201609,201606
2016-05-18,2931.0,2917.0,201609,201606
2016-05-19,2896.0,2898.0,201609,201606
2016-05-20,2935.0,2925.0,201609,201606
2016-05-23,2924.0,2907.0,201609,201606
2016-05-24,2999.0,2994.0,201609,201606
2016-05-25,3049.0,3033.0,201609,201606
2016-05-26,3061.0,3049.0,201609,201606
2016-05-27,3065.0,3058.0,201609,201606
2016-05-30,3081.0,3071.0,201609,201606
2016-05-31,3053.0,3042.0,201609,201606
2016-06-01,3026.0,3018.0,201609,201606
2016-06-02,3031.0,3030.0,201609,201606
2016-06-03,2989.0,2985.0,201609,201606
2016-06-06,3001.0,2990.0,201609,201606
2016-06-07,3039.0,3016.0,201609,201606
2016-06-08,3014.0,3008.0,201609,201606
2016-06-09,2988.0,2979.0,201609,201606
2016-06-10,2912.0,2890.0,201609,201606
2016-06-13,2861.0,2831.0,201609,201606
2016-06-14,2782.0,2802.0,201612,201609
2016-06-15,2821.0,2803.0,201612,201609
2016-06-16,2811.0,2827.0,201612,201609
2016-06-17,2832.0,2849.0,201612,201609
2016-06-20,2936.0,2916.0,201612,201609
2016-06-21,2967.0,2969.0,201612,201609
2016-06-22,2992.0,2943.0,201612,201609
2016-06-23,3027.0,3040.0,201612,201609
2016-06-24,2768.0,2765.0,201612,201609
2016-06-27,2686.0,2681.0,201612,201609
2016-06-28,2743.0,2757.0,201612,201609
2016-06-29,2819.0,2807.0,201612,201609
2016-06-30,2855.0,2870.0,201612,201609
2016-07-01,2872.0,2857.0,201612,201609
2016-07-04,2857.0,2837.0,201612,201609
2016-07-05,2807.0,2782.0,201612,201609
2016-07-06,2754.0,2753.0,201612,201609
2016-07-07,2774.0,2740.0,201612,201609
2016-07-08,2832.0,2812.0,201612,201609
2016-07-11,2878.0,2852.0,201612,201609
2016-07-12,2929.0,2910.0,201612,201609
2016-07-13,2928.0,2907.0,201612,201609
2016-07-14,2963.0,2940.0,201612,201609
2016-07-15,2949.0,2939.0,201612,201609
2016-07-18,2948.0,2925.0,201612,201609
2016-07-19,2927.0,2910.0,201612,201609
2016-07-20,2963.0,2943.0,201612,201609
2016-07-21,2967.0,2931.0,201612,201609
2016-07-22,2965.0,2955.0,201612,201609
2016-07-25,2964.0,2946.0,201612,201609
2016-07-26,2977.0,2962.0,201612,201609
2016-07-27,2993.0,2970.0,201612,201609
2016-07-28,2970.0,,201612,201609
2016-07-29,2983.0,2971.0,201612,201609
2016-08-01,2967.0,,201612,201609
2016-08-02,2906.0,2900.0,201612,201609
2016-08-03,2907.0,2885.0,201612,201609
2016-08-04,2925.0,2927.0,201612,201609
2016-08-05,2970.0,2926.0,201612,201609
2016-08-08,2984.0,2969.0,201612,201609
2016-08-09,3028.0,2986.0,201612,201609
2016-08-10,3018.0,3011.0,201612,201609
2016-08-11,3044.0,3025.0,201612,201609
2016-08-12,3046.0,3031.0,201612,201609
2016-08-15,3048.0,3033.0,201612,201609
2016-08-16,3022.0,2995.0,201612,201609
2016-08-17,2982.0,2986.0,201612,201609
2016-08-18,2992.0,2974.0,201612,201609
2016-08-19,2969.0,2958.0,201612,201609
2016-08-22,2956.0,2951.0,201612,201609
2016-08-23,2993.0,2973.0,201612,201609
2016-08-24,3007.0,2983.0,201612,201609
2016-08-25,2988.0,2962.0,201612,201609
2016-08-26,3013.0,2972.0,201612,201609
2016-08-29,3000.0,2991.0,201612,201609
2016-08-30,3033.0,3015.0,201612,201609
2016-08-31,3030.0,3010.0,201612,201609
2016-09-01,3014.0,3011.0,201612,201609
2016-09-02,3082.0,3067.0,201612,201609
2016-09-05,3080.0,3069.0,201612,201609
2016-09-06,3070.0,3060.0,201612,201609
2016-09-07,3091.0,3072.0,201612,201609
2016-09-08,3084.0,3070.0,201612,201609
2016-09-09,3052.0,3009.0,201612,201609
2016-09-12,3011.0,3032.0,201612,201609
2016-09-13,2959.0,2968.0,201703,201612
2016-09-14,2952.0,2930.0,201703,201612
2016-09-15,2960.0,2954.0,201703,201612
2016-09-16,2917.0,2913.0,201703,201612
2016-09-19,2954.0,2936.0,201703,201612
2016-09-20,2954.0,2939.0,201703,201612
2016-09-21,2970.0,2978.0,201703,201612
2016-09-22,3035.0,3027.0,201703,201612
2016-09-23,3019.0,3001.0,201703,201612
2016-09-26,2963.0,2950.0,201703,201612
2016-09-27,2955.0,2957.0,201703,201612
2016-09-28,2978.0,2992.0,201703,201612
2016-09-29,2979.0,2940.0,201703,201612
2016-09-30,2994.0,2985.0,201703,201612
2016-10-03,2982.0,2972.0,201703,201612
2016-10-04,3023.0,2986.0,201703,201612
2016-10-05,3017.0,3004.0,201703,201612
2016-10-06,3019.0,3016.0,201703,201612
2016-10-07,2991.0,2982.0,201703,201612
2016-10-10,3026.0,3010.0,201703,201612
2016-10-11,3007.0,2991.0,201703,201612
2016-10-12,2997.0,2992.0,201703,201612
2016-10-13,2963.0,2967.0,201703,201612
2016-10-14,3015.0,3006.0,201703,201612
2016-10-17,2996.0,2988.0,201703,201612
2016-10-18,3038.0,3028.0,201703,201612
2016-10-19,3049.0,3038.0,201703,201612
2016-10-20,3066.0,3059.0,201703,201612
2016-10-21,3067.0,3060.0,201703,201612
2016-10-24,3088.0,3074.0,201703,201612
2016-10-25,3075.0,3067.0,201703,201612
2016-10-26,3073.0,3057.0,201703,201612
2016-10-27,3076.0,3063.0,201703,201612
2016-10-28,3070.0,3040.0,201703,201612
2016-10-31,3053.0,3040.0,201703,201612
2016-11-01,3011.0,2994.0,201703,201612
2016-11-02,2976.0,2964.0,201703,201612
2016-11-03,2968.0,2951.0,201703,201612
2016-11-04,2949.0,2919.0,201703,201612
2016-11-07,2998.0,2995.0,201703,201612
2016-11-08,3016.0,3018.0,201703,201612
2016-11-09,3046.0,3051.0,201703,201612
2016-11-10,3042.0,3038.0,201703,201612
2016-11-11,3019.0,,201703,201612
2016-11-14,3038.0,3026.0,201703,201612
2016-11-15,3051.0,3039.0,201703,201612
2016-11-16,3026.0,3013.0,201703,201612
2016-11-17,3037.0,3024.0,201703,201612
2016-11-18,3022.0,3010.0,201703,201612
2016-11-21,3029.0,3017.0,201703,201612
2016-11-22,3042.0,3029.0,201703,201612
2016-11-23,3033.0,3019.0,201703,201612
2016-11-24,3039.0,3026.0,201703,201612
2016-11-25,3045.0,3032.0,201703,201612
2016-11-28,3013.0,3000.0,201703,201612
2016-11-29,3035.0,3022.0,201703,201612
2016-11-30,3051.0,3038.0,201703,201612
2016-12-01,3024.0,3001.0,201703,201612
2016-12-02,3017.0,3004.0,201703,201612
2016-12-05,3053.0,3040.0,201703,201612
2016-12-06,3104.0,3102.0,201703,201612
2016-12-07,3137.0,3124.0,201703,201612
2016-12-08,3188.0,3175.0,201703,201612
2016-12-09,3197.0,3184.0,201703,201612
2016-12-12,3197.0,3184.0,201703,201612
2016-12-13,3240.0,3224.0,201703,201612
2016-12-14,3218.0,3205.0,201703,201612
2016-12-15,3242.0,3164.0,201706,201703
2016-12-16,3239.0,3162.0,201706,201703
2016-12-19,3244.0,3166.0,201706,201703
2016-12-20,3268.0,3188.0,201706,201703
2016-12-21,3260.0,3183.0,201706,201703
2016-12-22,3256.0,3177.0,201706,201703
2016-12-23,3263.0,3184.0,201706,201703
2016-12-27,3270.0,3189.0,201706,201703
2016-12-28,3268.0,3190.0,201706,201703
2016-12-29,3261.0,3183.0,201706,201703
2016-12-30,3277.0,3199.0,201706,201703
2017-01-02,3295.0,3217.0,201706,201703
2017-01-03,3306.0,3228.0,201706,201703
2017-01-04,3304.0,3224.0,201706,201703
2017-01-05,3304.0,3224.0,201706,201703
2017-01-06,3313.0,3233.0,201706,201703
2017-01-09,3301.0,3221.0,201706,201703
2017-01-10,3300.0,3220.0,201706,201703
2017-01-11,3298.0,3218.0,201706,201703
2017-01-12,3281.0,3201.0,201706,201703
2017-01-13,3314.0,3235.0,201706,201703
2017-01-16,3289.0,3210.0,201706,201703
2017-01-17,3281.0,3202.0,201706,201703
2017-01-18,3286.0,3208.0,201706,201703
2017-01-19,3279.0,3201.0,201706,201703
2017-01-20,3288.0,3210.0,201706,201703
2017-01-23,3263.0,3185.0,201706,201703
2017-01-24,3273.0,3195.0,201706,201703
2017-01-25,3324.0,3246.0,201706,201703
2017-01-26,3308.0,3230.0,201706,201703
2017-01-27,3295.0,3217.0,201706,201703
2017-01-30,3252.0,3174.0,201706,201703
2017-01-31,3234.0,3156.0,201706,201703
2017-02-01,3249.0,3171.0,201706,201703
2017-02-02,3254.0,3180.0,201706,201703
2017-02-03,3276.0,3198.0,201706,201703
2017-02-06,3239.0,3161.0,201706,201703
2017-02-07,3231.0,3153.0,201706,201703
2017-02-08,3235.0,3157.0,201706,201703
2017-02-09,3279.0,3201.0,201706,201703
2017-02-10,3270.0,3192.0,201706,201703
2017-02-13,3308.0,3230.0,201706,201703
2017-02-14,3308.0,3230.0,201706,201703
2017-02-15,3326.0,3249.0,201706,201703
2017-02-16,3308.0,3230.0,201706,201703
2017-02-17,3301.0,3223.0,201706,201703
2017-02-20,3314.0,3236.0,201706,201703
2017-02-21,3337.0,3259.0,201706,201703
2017-02-22,3338.0,3264.0,201706,201703
2017-02-23,3330.0,3252.0,201706,201703
2017-02-24,3307.0,3229.0,201706,201703
2017-02-27,3311.0,3233.0,201706,201703
2017-02-28,3324.0,3239.0,201706,201703
2017-03-01,3387.0,3311.0,201706,201703
2017-03-02,3386.0,3308.0,201706,201703
2017-03-03,3404.0,3326.0,201706,201703
2017-03-06,3388.0,3309.0,201706,201703
2017-03-07,3380.0,3302.0,201706,201703
2017-03-08,3394.0,3315.0,201706,201703
2017-03-09,3410.0,3332.0,201706,201703
2017-03-10,3421.0,3343.0,201706,201703
2017-03-13,3340.0,3330.0,201709,201706
2017-03-14,3320.0,3310.0,201709,201706
2017-03-15,3331.0,3321.0,201709,201706
2017-03-16,3362.0,3353.0,201709,201706
2017-03-17,3365.0,3356.0,201709,201706
2017-03-20,3365.0,3356.0,201709,201706
2017-03-21,3350.0,3341.0,201709,201706
2017-03-22,3348.0,3339.0,201709,201706
2017-03-23,3376.0,3367.0,201709,201706
2017-03-24,3370.0,3361.0,201709,201706
2017-03-27,3362.0,3353.0,201709,201706
2017-03-28,3391.0,3382.0,201709,201706
2017-03-29,3399.0,3390.0,201709,201706
2017-03-30,3411.0,3402.0,201709,201706
2017-03-31,3426.0,3417.0,201709,201706
2017-04-03,3406.0,3397.0,201709,201706
2017-04-04,3409.0,3401.0,201709,201706
2017-04-05,3401.0,3393.0,201709,201706
2017-04-06,3423.0,3415.0,201709,201706
2017-04-07,3423.0,3414.0,201709,201706
2017-04-10,3416.0,3407.0,201709,201706
2017-04-11,3399.0,3390.0,201709,201706
2017-04-12,3401.0,3392.0,201709,201706
2017-04-13,3377.0,3368.0,201709,201706
2017-04-18,3351.0,3342.0,201709,201706
2017-04-19,3355.0,3346.0,201709,201706
2017-04-20,3376.0,3367.0,201709,201706
2017-04-21,3377.0,3368.0,201709,201706
2017-04-24,3510.0,3501.0,201709,201706
2017-04-25,3521.0,3512.0,201709,201706
2017-04-26,3515.0,3506.0,201709,201706
2017-04-27,3501.0,3492.0,201709,201706
2017-04-28,3508.0,3499.0,201709,201706
2017-05-02,3526.0,3517.0,201709,201706
2017-05-03,3531.0,3522.0,201709,201706
2017-05-04,3576.0,3567.0,201709,201706
2017-05-05,3614.0,3605.0,201709,201706
2017-05-08,3601.0,3592.0,201709,201706
2017-05-09,3613.0,3605.0,201709,201706
2017-05-10,3606.0,3598.0,201709,201706
2017-05-11,3585.0,3576.0,201709,201706
2017-05-12,3601.0,3592.0,201709,201706
2017-05-15,3611.0,3602.0,201709,201706
2017-05-16,3621.0,3612.0,201709,201706
2017-05-17,3562.0,3554.0,201709,201706
2017-05-18,3541.0,3532.0,201709,201706
2017-05-19,3566.0,3557.0,201709,201706
2017-05-22,3561.0,3552.0,201709,201706
2017-05-23,3581.0,3572.0,201709,201706
2017-05-24,3568.0,3559.0,201709,201706
2017-05-25,3566.0,3557.0,201709,201706
2017-05-26,3561.0,3552.0,201709,201706
2017-05-29,3562.0,3554.0,201709,201706
2017-05-30,3547.0,3538.0,201709,201706
2017-05-31,3553.0,3544.0,201709,201706
2017-06-01,3562.0,3553.0,201709,201706
2017-06-02,3581.0,3572.0,201709,201706
2017-06-05,3570.0,3563.0,201709,201706
2017-06-06,3548.0,3539.0,201709,201706
2017-06-07,3543.0,3534.0,201709,201706
2017-06-08,3561.0,3553.0,201709,201706
2017-06-09,3579.0,3570.0,201709,201706
2017-06-12,3545.0,3536.0,201709,201706
2017-06-13,3555.0,3546.0,201709,201706
2017-06-14,3544.0,3531.0,201712,201709
2017-06-15,3520.0,3506.0,201712,201709
2017-06-16,3530.0,3516.0,201712,201709
2017-06-19,3576.0,3563.0,201712,201709
2017-06-20,3555.0,3542.0,201712,201709
2017-06-21,3546.0,3533.0,201712,201709
2017-06-22,3550.0,3537.0,201712,201709
2017-06-23,3534.0,3520.0,201712,201709
2017-06-26,3556.0,3542.0,201712,201709
2017-06-27,3530.0,3517.0,201712,201709
2017-06-28,3528.0,3515.0,201712,201709
2017-06-29,3461.0,3448.0,201712,201709
2017-06-30,3431.0,3418.0,201712,201709
2017-07-03,3482.0,3469.0,201712,201709
2017-07-04,3479.0,3466.0,201712,201709
2017-07-05,3473.0,3460.0,201712,201709
2017-07-06,3452.0,3439.0,201712,201709
2017-07-07,3454.0,3441.0,201712,201709
2017-07-10,3472.0,3459.0,201712,201709
2017-07-11,3455.0,3442.0,201712,201709
2017-07-12,3513.0,3500.0,201712,201709
2017-07-13,3520.0,3507.0,201712,201709
2017-07-14,3516.0,3503.0,201712,201709
2017-07-17,3513.0,3500.0,201712,201709
2017-07-18,3474.0,3461.0,201712,201709
2017-07-19,3488.0,3475.0,201712,201709
2017-07-20,3490.0,3477.0,201712,201709
2017-07-21,3445.0,3432.0,201712,201709
2017-07-24,3441.0,3428.0,201712,201709
2017-07-25,3472.0,3459.0,201712,201709
2017-07-26,3482.0,3469.0,201712,201709
2017-07-27,3481.0,3468.0,201712,201709
2017-07-28,3456.0,3442.0,201712,201709
2017-07-31,3447.0,3433.0,201712,201709
2017-08-01,3473.0,3459.0,201712,201709
2017-08-02,3453.0,3439.0,201712,201709
2017-08-03,3463.0,3449.0,201712,201709
2017-08-04,3505.0,3491.0,201712,201709
2017-08-07,3501.0,3487.0,201712,201709
2017-08-08,3512.0,3498.0,201712,201709
2017-08-09,3466.0,3452.0,201712,201709
2017-08-10,3426.0,3412.0,201712,201709
2017-08-11,3399.0,3385.0,201712,201709
2017-08-14,3454.0,3440.0,201712,201709
2017-08-15,3462.0,3448.0,201712,201709
2017-08-16,3484.0,3470.0,201712,201709
2017-08-17,3462.0,3448.0,201712,201709
2017-08-18,3447.0,3433.0,201712,201709
2017-08-21,3420.0,3406.0,201712,201709
2017-08-22,3455.0,3441.0,201712,201709
2017-08-23,3438.0,3424.0,201712,201709
2017-08-24,3445.0,3431.0,201712,201709
2017-08-25,3452.0,3440.0,201712,201709
2017-08-28,3419.0,3401.0,201712,201709
2017-08-29,3374.0,3355.0,201712,201709
2017-08-30,3408.0,3394.0,201712,201709
2017-08-31,3427.0,3411.0,201712,201709
2017-09-01,3443.0,3429.0,201712,201709
2017-09-04,3432.0,3418.0,201712,201709
2017-09-05,3447.0,3433.0,201712,201709
2017-09-06,3435.0,3421.0,201712,201709
2017-09-07,3449.0,3435.0,201712,201709
2017-09-08,3447.0,3433.0,201712,201709
2017-09-11,3492.0,3478.0,201712,201709
2017-09-12,3512.0,3498.0,201712,201709
2017-09-13,3513.0,3500.0,201803,201712
2017-09-14,3514.0,3501.0,201803,201712
2017-09-15,3499.0,3486.0,201803,201712
2017-09-18,3515.0,3502.0,201803,201712
2017-09-19,3512.0,3502.0,201803,201712
2017-09-20,3510.0,3497.0,201803,201712
2017-09-21,3530.0,3517.0,201803,201712
2017-09-22,3528.0,3515.0,201803,201712
2017-09-25,3527.0,3513.0,201803,201712
2017-09-26,3520.0,3506.0,201803,201712
2017-09-27,3546.0,3533.0,201803,201712
2017-09-28,3550.0,3537.0,201803,201712
2017-09-29,3576.0,3563.0,201803,201712
2017-10-02,3588.0,3575.0,201803,201712
2017-10-03,3596.0,3583.0,201803,201712
2017-10-04,3583.0,3570.0,201803,201712
2017-10-05,3602.0,3589.0,201803,201712
2017-10-06,3592.0,3579.0,201803,201712
2017-10-09,3600.0,3587.0,201803,201712
2017-10-10,3588.0,3575.0,201803,201712
2017-10-11,3599.0,3585.0,201803,201712
2017-10-12,3598.0,3584.0,201803,201712
2017-10-13,3600.0,3586.0,201803,201712
2017-10-16,3598.0,3584.0,201803,201712
2017-10-17,3606.0,3593.0,201803,201712
2017-10-18,3610.0,3597.0,201803,201712
